name,email,password_hash
Leo,Leo@outlook.com,v7y5v516t1t06856886586527383937091b4a2f6c2
Leo,Leo@outlook.com,v7y5v516t1t06856886586527383937091b4a2f6c2
Leo,Leo@outlook.com,v7y5v516t1t06856886586527383937091b4a2f6c2
Leo,Leo@outlook.com,v7y5v516t1t06856886586527383937091b4a2f6c2
Leo,Leo@outlook.com,v7y5v516t1t06856886586527383937091b4a2f6c2
Leo,Leo@outlook.com,v7y5v516t1t06856886586527383937091b4a2f6c2
Leo,Leo@outlook.com,v7y5v516t1t06856886586527383937091b4a2f6c2
(10,10,10),(100, 100, 100), 0, 8, 2, 1,
(10,10,10),(100, 100, 100), 0, 8, 2, 1,
(10,10,10),(100, 100, 100), 0, 8, 2, 1,
(10,10,10),(100, 100, 100), 0, 8, 2, 1,
